{
  "layout": [
    {
      "type": "heading",
      "label": "Address configuration",
      "options": {
        "level": 1
      }
    },
    {
      "name": "type",
      "type": "text",
      "label": "Element type",
      "options": {
        "validation": {
          "required": true
        },
        "disabled": true
      }
    },
    {
      "name": "name",
      "type": "text",
      "label": "Name",
      "options": {
        "hint": "A unique element name",
        "validation": {
          "required": true
        }
      }
    },
    {
      "name": "label",
      "type": "text",
      "label": "Label",
      "options": {
        "hint": "What the user sees",
        "validation": {
          "required": true
        }
      }
    },
    {
      "name": "options",
      "type": "panel",
      "label": "Options",
      "options": {
        "fields": [
          {
            "name": "hint",
            "type": "text",
            "label": "Hint",
            "options": {
              "validation": {
                "required": false
              },
              "hint": "Provide additional instructions if necessary"
          }},
          {"name": "validation",
          "type": "fieldset",
          "label": "Validation",
          "options": {
            "fields": [
              {
                "name": "required",
                "type": "checkbox",
                "label": "Required?",
                "options":{
                  "align": "after",
                  "validation":{
                    "required": false
                  }
                }
              }
            ]
          }}
        ]
      }
    }
  ],
  "entity": {
    "type": "address",
    "options": {
      "level": 1
    }
  }
}
