{
  "layout": [
    {
      "type": "heading",
      "label": "Button configuration",
      "options": {
        "level": 1
      }
    },
    {
      "name": "type",
      "type": "text",
      "label": "Element type",
      "options": {
        "validation": {
          "required": true
        },
        "disabled": true
      }
    },
    {
      "name": "name",
      "type": "text",
      "label": "Name",
      "options": {
        "hint": "A unique element name",
        "validation": {
          "required": true
        }
      }
    },
    {
      "name": "label",
      "type": "text",
      "label": "Label",
      "options": {
        "hint": "The text the user sees",
        "validation": {
          "required": true
        }
      }
    },
    {
      "name": "options",
      "type": "panel",
      "label": "Options",
      "options": {
        "fields": [
          {
            "name": "disabled",
            "type": "radio",
            "label": "Disabled by default",
            "options": {
              "align": "after",
              "vertical": true,
              "validation": {
                "required": true
              },
              "items": [
                {
                  "label": "Yes",
                  "value": true
                },
                {
                  "label": "No",
                  "value": false
                }
              ]
            }
          }
        ]
      }
    },
    {
      "name": "submit",
      "type": "button",
      "label": "Submit"
    }
  ],
  "entity": {
    "type": "button",
    "options": {
      "disabled": false
    }
  }
}
