{
  "layout": [{
      "type": "heading",
      "label": "Required If demo",
      "options": {
        "level": 1
      }
    },
    {
      "type": "ssn",
      "name": "ssn1",
      "label": "Social security number",
      "options": {
        "hint": "xxx-xx-xxxx",
        "inputMask": "000-00-0000",
        "validation": {
          "required": true,
          "pattern": "^(?!219-09-9999|219099999|078-05-1120|078051120)(?!666|000|9\\d{2})\\d{3}-?(?!00)\\d{2}-?(?!0{4})\\d{4}$",
          "patternValMsg": "Invalid SSN entered. Visit the <a href=\"https://secure.ssa.gov/poms.nsf/lnx/0110201035\" target=\"_blank\">Social Security Admnistration</a> for more information. <mat-icon class=\"mimic-mat-error\">launch</mat-icon> ",
          "requiredIf": { "property": "nossn1", "value": false }
        }
      }
    },
    {
      "type": "checkbox",
      "name": "nossn1",
      "label": "This client does not have a social security number.",
      "options": {
        "hint": "Consent is required to continue.",
        "align": "after",
        "validation": {}
      }
    },

    {
      "type": "ssn",
      "name": "ssn2",
      "label": "Social security number",
      "options": {
        "hint": "xxx-xx-xxxx",
        "inputMask": "000-00-0000",
        "validation": {
          "required": true,
          "pattern": "^(?!219-09-9999|219099999|078-05-1120|078051120)(?!666|000|9\\d{2})\\d{3}-?(?!00)\\d{2}-?(?!0{4})\\d{4}$",
          "patternValMsg": "Invalid SSN entered. Visit the <a href=\"https://secure.ssa.gov/poms.nsf/lnx/0110201035\" target=\"_blank\">Social Security Admnistration</a> for more information. <mat-icon class=\"mimic-mat-error\">launch</mat-icon> ",
          "requiredIf": { "property": "nossn2", "value": false }
        }
      }
    },
    {
      "type": "checkbox",
      "name": "nossn2",
      "label": "This client does not have a social security number.",
      "options": {
        "hint": "Consent is required to continue.",
        "align": "after",
        "validation": {}
      }
    },
    {
      "type": "static",
      "label": "<em>The example above proves an inital value of NO SSN will result in an disabled text box.</em>"
    },
    {
      "type": "ssn",
      "name": "ssn3",
      "label": "Social security number",
      "options": {
        "hint": "xxx-xx-xxxx",
        "inputMask": "000-00-0000",
        "validation": {
          "required": true,
          "pattern": "^(?!219-09-9999|219099999|078-05-1120|078051120)(?!666|000|9\\d{2})\\d{3}-?(?!00)\\d{2}-?(?!0{4})\\d{4}$",
          "patternValMsg": "Invalid SSN entered. Visit the <a href=\"https://secure.ssa.gov/poms.nsf/lnx/0110201035\" target=\"_blank\">Social Security Admnistration</a> for more information. <mat-icon class=\"mimic-mat-error\">launch</mat-icon> ",
          "requiredIf": { "property": "nossn3", "value": false }
        }
      }
    },
    {
      "type": "checkbox",
      "name": "nossn3",
      "label": "This client does not have a social security number.",
      "options": {
        "hint": "Consent is required to continue.",
        "align": "after",
        "validation": {}
      }
    },
    {
      "type": "static",
      "label": "<em>The example above proves an inital value of SSN will result in an enabled text box.</em>"
    },
    {
      "name": "phone1",
      "type": "phone",
      "label": "Phone",
      "options": {
        "hint": "(xxx) xxx-xxxx",
        "inputMask": "(000) 000-0000",
        "validation": {
          "pattern": "\\d{10}",
          "patternValMsg": "Phone must be 10 digits",
          "requiredIf": { "property": "nophone1", "value": "false" }
        }
      }
    },
    {
      "type": "checkbox",
      "name": "nophone1",
      "label": "This client does not have a phone.",
      "options": {
        "hint": "Consent is required to continue.",
        "align": "after",
        "validation": {}
      }
    },

    {
      "name": "phone2",
      "type": "phone",
      "label": "Phone",
      "options": {
        "hint": "(xxx) xxx-xxxx",
        "inputMask": "(000) 000-0000",
        "validation": {
          "pattern": "\\d{10}",
          "patternValMsg": "Phone must be 10 digits",
          "requiredIf": { "property": "nophone2", "value": "false" }
        }
      }
    },
    {
      "type": "checkbox",
      "name": "nophone2",
      "label": "This client does not have a phone.",
      "options": {
        "hint": "Consent is required to continue.",
        "align": "after",
        "validation": {}
      }
    },
    {
      "type": "static",
      "label": "<em>The example above proves an inital value of NO phone will result in an disabled text box.</em>"
    },
    {
      "name": "phone3",
      "type": "phone",
      "label": "Phone",
      "options": {
        "hint": "(xxx) xxx-xxxx",
        "inputMask": "(000) 000-0000",
        "validation": {
          "pattern": "\\d{10}",
          "patternValMsg": "Phone must be 10 digits",
          "requiredIf": { "property": "nophone3", "value": "false" }
        }
      }
    },
    {
      "type": "checkbox",
      "name": "nophone3",
      "label": "This client does not have a phone.",
      "options": {
        "hint": "Consent is required to continue.",
        "align": "after",
        "validation": {}
      }
    },
    {
      "type": "static",
      "label": "<em>The example above proves an inital value of phone will result in an enabled text box.</em>"
    },
    {
      "name": "email1",
      "type": "email",
      "label": "Email",
      "options": {
        "hint": "Enter your email.",
        "validation": {
          "requiredIf": { "property": "noemail1", "value": "false" }
        }
      }
    },
    {
      "type": "checkbox",
      "name": "noemail1",
      "label": "This client does not have a email.",
      "options": {
        "hint": "Consent is required to continue.",
        "align": "after",
        "validation": {}
      }
    },

    {
      "name": "email2",
      "type": "email",
      "label": "Email",
      "options": {
        "hint": "Enter your email.",
        "validation": {
          "requiredIf": { "property": "noemail2", "value": "false" }
        }
      }
    },
    {
      "type": "checkbox",
      "name": "noemail2",
      "label": "This client does not have a email.",
      "options": {
        "hint": "Consent is required to continue.",
        "align": "after",
        "validation": {}
      }
    },
    {
      "type": "static",
      "label": "<em>The example above proves an inital value of NO email will result in an disabled text box.</em>"
    },
    {
      "name": "email3",
      "type": "email",
      "label": "Email",
      "options": {
        "hint": "Enter your email.",
        "validation": {
          "requiredIf": { "property": "noemail3", "value": "false" }
        }
      }
    },
    {
      "type": "checkbox",
      "name": "noemail3",
      "label": "This client does not have a email.",
      "options": {
        "hint": "Consent is required to continue.",
        "align": "after",
        "validation": {}
      }
    },
    {
      "type": "static",
      "label": "<em>The example above proves an inital value of email will result in an enabled text box.</em>"
    },
    {
      "type": "static",
      "label": "Staff: To record information for additional contacts, click the “Add contact” button at the bottom of the screen, above the “Next” button.",
      "options": {
        "showIf": ""
      }
    },
    {
      "type": "checkbox",
      "name": "noContact",
      "label": "Applicant does not have any contacts.",
      "options": {
        "align": "after",
        "disabled": false,
        "validation": {}
      }
    },
    {
      "type": "array",
      "name": "contacts",
      "label": "Additional contact(s)",
      "options": {
        "addText": "Add contact",
        "removeText": "Remove contact",
        "validation": {
          "required": true
        },

        "fields": [{
            "type": "select",
            "name": "relationshipType",
            "label": "Relationship type",
            "options": {
              "validation": {
                "required": false
              },
              "items": [{
                  "value": "mother",
                  "label": "Mother",
                  "options": {
                    "specify": {
                      "options": {
                        "validation": {}
                      }
                    }
                  }
                },
                {
                  "value": "father",
                  "label": "Father",
                  "options": {
                    "specify": {
                      "options": {
                        "validation": {}
                      }
                    }
                  }
                },
                {
                  "value": "friend",
                  "label": "Friend",
                  "options": {
                    "specify": {
                      "options": {
                        "validation": {}
                      }
                    }
                  }
                },
                {
                  "value": "grandparent",
                  "label": "Grandmother/grandfather",
                  "options": {
                    "specify": {
                      "options": {
                        "validation": {}
                      }
                    }
                  }
                },
                {
                  "value": "sibling",
                  "label": "Sister/brother",
                  "options": {
                    "specify": {
                      "options": {
                        "validation": {}
                      }
                    }
                  }
                },
                {
                  "value": "child",
                  "label": "Son/daughter",
                  "options": {
                    "specify": {
                      "options": {
                        "validation": {}
                      }
                    }
                  }
                },
                {
                  "value": "spouse",
                  "label": "Spouse/partner",
                  "options": {
                    "specify": {
                      "options": {
                        "validation": {}
                      }
                    }
                  }
                },
                {
                  "value": "other",
                  "label": "Other",
                  "options": {
                    "specify": {
                      "type": "text",
                      "name": "relationshipOther",
                      "label": "Please specify",
                      "options": {
                        "validation": {
                          "requiredIf": {
                            "property": "relationshipType",
                            "value": "other"
                          }
                        }
                      }
                    }
                  }
                }
              ]
            }
          },
          {
            "type": "text",
            "name": "firstName",
            "label": "First name",
            "options": {
              "items": [
                {}
              ],
              "validation": {
                "requiredIf": {
                  "property": "noContact",
                  "value": "false"
                }
              }
            }
          },
          {
            "type": "text",
            "name": "middleInitial",
            "label": "Middle initial",
            "options": {
              "items": [
                {}
              ],
              "validation": {}
            }
          },
          {
            "type": "text",
            "name": "lastName",
            "label": "Last name",
            "options": {
              "items": [
                {}
              ],
              "validation": {
                "required": false,
                "minLength": 2,
                "maxLength": 30
              }
            }
          },
          {
            "type": "array",
            "name": "addresses",
            "label": "Address(es)",
            "options": {
              "addText": "Add address",
              "removeText": "Remove address",
              "validation": {
                "required": true
              },
              "fields": [{
                  "type": "text",
                  "name": "addressLine1",
                  "label": "Address Line 1",
                  "options": {
                    "items": [
                      {}
                    ],
                    "validation": {
                      "required": false,
                      "requiredIf": {}
                    }
                  }
                },
                {
                  "type": "text",
                  "name": "addressLine2",
                  "label": "Address Line 2",
                  "options": {
                    "items": [
                      {}
                    ],
                    "validation": {
                      "required": false,
                      "requiredIf": {}
                    }
                  }
                },
                {
                  "type": "text",
                  "name": "city",
                  "label": "City",
                  "options": {
                    "items": [
                      {}
                    ],
                    "validation": {
                      "required": false,
                      "requiredIf": {}
                    }
                  }
                },
                {
                  "type": "states",
                  "name": "state",
                  "label": "State",
                  "options": {
                    "showIf": {},
                    "validation": {
                      "required": false,
                      "requiredIf": {}
                    }
                  }
                },
                {
                  "type": "zip",
                  "name": "zip",
                  "label": "Zip",
                  "options": {
                    "validation": {
                      "required": false,
                      "requiredIf": {}
                    }
                  }
                }
              ]
            }
          },
          {
            "type": "array",
            "name": "emails",
            "label": "Email(s)",
            "options": {
              "addText": "Add email",
              "removeText": "Remove email",
              "validation": {
                "required": true
              },
              "fields": [{
                "type": "email",
                "name": "email",
                "label": "Email",
                "options": {
                  "validation": {}
                }
              }]
            }
          },
          {
            "type": "array",
            "name": "phones",
            "label": "Phone number(s)",
            "options": {
              "addText": "Add phone",
              "removeText": "Remove phone",
              "validation": {
                "required": true
              },
              "fields": [{
                  "type": "phone",
                  "name": "phone",
                  "label": "Phone",
                  "options": {
                    "validation": {}
                  }
                },
                {
                  "type": "radio",
                  "name": "phoneOwnedBy",
                  "label": "Personal or work?",
                  "options": {
                    "vertical": true,
                    "validation": {},
                    "items": [{
                        "value": "personal",
                        "label": "Personal",
                        "options": {
                          "specify": {
                            "options": {
                              "validation": {}
                            }
                          }
                        }
                      },
                      {
                        "value": "work",
                        "label": "Work",
                        "options": {
                          "specify": {
                            "options": {
                              "validation": {}
                            }
                          }
                        }
                      }
                    ]
                  }
                },
                {
                  "type": "radio",
                  "name": "phoneType",
                  "label": "Cell or landline?",
                  "options": {
                    "vertical": true,
                    "validation": {},
                    "items": [{
                        "value": "cell",
                        "label": "Cell",
                        "options": {
                          "specify": {
                            "options": {
                              "validation": {}
                            }
                          }
                        }
                      },
                      {
                        "value": "landline",
                        "label": "Landline",
                        "options": {
                          "specify": {
                            "options": {
                              "validation": {}
                            }
                          }
                        }
                      }
                    ]
                  }
                },
                {
                  "type": "radio",
                  "name": "text",
                  "label": "OK to text?  (Message and data rates may apply.)",
                  "options": {
                    "showIf": {
                      "property": "phoneType",
                      "value": "cell"
                    },
                    "vertical": true,
                    "validation": {},
                    "items": [{
                        "value": "true",
                        "label": "Yes",
                        "options": {
                          "specify": {
                            "options": {
                              "validation": {
                                "requiredIf": {}
                              }
                            }
                          }
                        }
                      },
                      {
                        "value": "false",
                        "label": "No",
                        "options": {
                          "specify": {
                            "options": {
                              "validation": {
                                "requiredIf": {}
                              }
                            }
                          }
                        }
                      }
                    ]
                  }
                }
              ]
            }
          }
        ]
      }
    }
  ],
  "entity": {
    "nossn2": true,
    "ssn3": "123456789",
    "nophone2": true,
    "phone3": "1231234594",
    "noemail2": true,
    "email3": "myemail@gmail.com"
  }
}
