{"__symbolic":"module","version":4,"exports":[{"export":[{"name":"ActionToolbarComponent","as":"ActionToolbarComponent"}],"from":"./dynamic-form/action-toolbar/action-toolbar.component"},{"export":[{"name":"DynamicFormComponent","as":"DynamicFormComponent"}],"from":"./dynamic-form/dynamic-form/dynamic-form.component"},{"export":[{"name":"DynamicModalDialogComponent","as":"DynamicModalDialogComponent"}],"from":"./dynamic-form/dynamic-modal-dialog/dynamic-modal-dialog.component"},{"export":[{"name":"FormAddressComponent","as":"FormAddressComponent"}],"from":"./dynamic-form/form-address/form-address.component"},{"export":[{"name":"FormArrayComponent","as":"FormArrayComponent"}],"from":"./dynamic-form/form-array/form-array.component"},{"export":[{"name":"FormButtonComponent","as":"FormButtonComponent"}],"from":"./dynamic-form/form-button/form-button.component"},{"export":[{"name":"FormCheckboxComponent","as":"FormCheckboxComponent"}],"from":"./dynamic-form/form-checkbox/form-checkbox.component"},{"export":[{"name":"FormCheckboxGroupComponent","as":"FormCheckboxGroupComponent"}],"from":"./dynamic-form/form-checkbox-group/form-checkbox-group.component"},{"export":[{"name":"FormDateComponent","as":"FormDateComponent"}],"from":"./dynamic-form/form-date/form-date.component"},{"export":[{"name":"FormEmailComponent","as":"FormEmailComponent"}],"from":"./dynamic-form/form-email/form-email.component"},{"export":[{"name":"FormExpansionPanelComponent","as":"FormExpansionPanelComponent"}],"from":"./dynamic-form/form-expansion-panel/form-expansion-panel.component"},{"export":[{"name":"FormFieldSetComponent","as":"FormFieldSetComponent"}],"from":"./dynamic-form/form-fieldset/form-fieldset.component"},{"export":[{"name":"FormHeadingComponent","as":"FormHeadingComponent"}],"from":"./dynamic-form/form-heading/form-heading.component"},{"export":[{"name":"FormNumberComponent","as":"FormNumberComponent"}],"from":"./dynamic-form/form-number/form-number.component"},{"export":[{"name":"FormPasswordComponent","as":"FormPasswordComponent"}],"from":"./dynamic-form/form-password/form-password.component"},{"export":[{"name":"FormRadioComponent","as":"FormRadioComponent"}],"from":"./dynamic-form/form-radio/form-radio.component"},{"export":[{"name":"FormSelectComponent","as":"FormSelectComponent"}],"from":"./dynamic-form/form-select/form-select.component"},{"export":[{"name":"FormSlideToggleComponent","as":"FormSlideToggleComponent"}],"from":"./dynamic-form/form-slide-toggle/form-slide-toggle.component"},{"export":[{"name":"FormSliderComponent","as":"FormSliderComponent"}],"from":"./dynamic-form/form-slider/form-slider.component"},{"export":[{"name":"FormStatesComponent","as":"FormStatesComponent"}],"from":"./dynamic-form/form-states/form-states.component"},{"export":[{"name":"FormStaticComponent","as":"FormStaticComponent"}],"from":"./dynamic-form/form-static/form-static.component"},{"export":[{"name":"FormStaticPanelComponent","as":"FormStaticPanelComponent"}],"from":"./dynamic-form/form-static-panel/form-static-panel.component"},{"export":[{"name":"FormTextComponent","as":"FormTextComponent"}],"from":"./dynamic-form/form-text/form-text.component"},{"export":[{"name":"FormTextMaskComponent","as":"FormTextMaskComponent"}],"from":"./dynamic-form/form-text-mask/form-text-mask.component"},{"export":[{"name":"FormTextareaComponent","as":"FormTextareaComponent"}],"from":"./dynamic-form/form-textarea/form-textarea.component"},{"export":[{"name":"FormTimeComponent","as":"FormTimeComponent"}],"from":"./dynamic-form/form-time/form-time.component"},{"export":[{"name":"LayoutEditorComponent","as":"LayoutEditorComponent"}],"from":"./dynamic-form/layout-editor/layout-editor.component"},{"export":[{"name":"DynamicFieldDirective","as":"DynamicFieldDirective"}],"from":"./dynamic-form/dynamic-field/dynamic-field.directive"},{"export":[{"name":"ActionButtons","as":"ActionButtons"}],"from":"./dynamic-form/action-buttons"},{"export":[{"name":"DialogButtons","as":"DialogButtons"}],"from":"./dynamic-form/dialog-buttons"},{"export":[{"name":"ActionButtonConfig","as":"ActionButtonConfig"}],"from":"./dynamic-form/action-button-config"},{"export":[{"name":"AddressConfig","as":"AddressConfig"}],"from":"./dynamic-form/address-config"},{"export":[{"name":"ConditionalConfig","as":"ConditionalConfig"}],"from":"./dynamic-form/conditional-config"},{"export":[{"name":"Field","as":"Field"}],"from":"./dynamic-form/field"},{"export":[{"name":"FieldConfig","as":"FieldConfig"}],"from":"./dynamic-form/field-config"},{"export":[{"name":"DialogConfig","as":"DialogConfig"}],"from":"./dynamic-form/dialog-config"},{"export":[{"name":"ItemConfig","as":"ItemConfig"}],"from":"./dynamic-form/item-config"},{"export":[{"name":"OptionsConfig","as":"OptionsConfig"}],"from":"./dynamic-form/options-config"},{"export":[{"name":"ValidationConfig","as":"ValidationConfig"}],"from":"./dynamic-form/validation-config"},{"export":[{"name":"MinimumNumberValidatorDirective","as":"MinimumNumberValidatorDirective"}],"from":"./shared/minimum-number/minimum-number.directive"},{"export":[{"name":"MinimumDateValidatorDirective","as":"MinimumDateValidatorDirective"}],"from":"./shared/minimum-date/minimum-date.directive"},{"export":[{"name":"MaximumNumberValidatorDirective","as":"MaximumNumberValidatorDirective"}],"from":"./shared/maximum-number/maximum-number.directive"},{"export":[{"name":"MaximumDateValidatorDirective","as":"MaximumDateValidatorDirective"}],"from":"./shared/maximum-date/maximum-date.directive"},{"export":[{"name":"RequiredMinimumValidator","as":"RequiredMinimumValidator"}],"from":"./dynamic-form/required-minimum"}],"metadata":{"CoreModule":{"__symbolic":"class","decorators":[{"__symbolic":"call","expression":{"__symbolic":"reference","module":"@angular/core","name":"NgModule","line":4,"character":1},"arguments":[{"imports":[{"__symbolic":"reference","module":"@angular/common","name":"CommonModule","line":5,"character":12},{"__symbolic":"reference","module":"@angular/common/http","name":"HttpClientModule","line":5,"character":26}],"declarations":[]}]}],"members":{}},"ElementConfig":{"__symbolic":"class","members":{},"statics":{"getTypeSelection":{"__symbolic":"function","parameters":[],"value":{"__symbolic":"new","expression":{"__symbolic":"reference","name":"ɵa"}}},"hasNestedProperties":{"__symbolic":"function","parameters":["entity"],"value":{"__symbolic":"binop","operator":"&&","left":{"__symbolic":"binop","operator":"&&","left":{"__symbolic":"binop","operator":"&&","left":{"__symbolic":"select","expression":{"__symbolic":"reference","name":"entity"},"member":"options"},"right":{"__symbolic":"select","expression":{"__symbolic":"select","expression":{"__symbolic":"reference","name":"entity"},"member":"options"},"member":"fields"}},"right":{"__symbolic":"call","expression":{"__symbolic":"select","expression":{"__symbolic":"reference","name":"Array"},"member":"isArray"},"arguments":[{"__symbolic":"select","expression":{"__symbolic":"select","expression":{"__symbolic":"reference","name":"entity"},"member":"options"},"member":"fields"}]}},"right":{"__symbolic":"binop","operator":"!==","left":{"__symbolic":"select","expression":{"__symbolic":"reference","name":"entity"},"member":"type"},"right":{"__symbolic":"select","expression":{"__symbolic":"reference","name":"ɵb"},"member":"CheckboxGroup"}}}}}},"MaterialModule":{"__symbolic":"class","decorators":[{"__symbolic":"call","expression":{"__symbolic":"reference","module":"@angular/core","name":"NgModule","line":41,"character":1},"arguments":[{"imports":[{"__symbolic":"reference","module":"@angular/common","name":"CommonModule","line":43,"character":4},{"__symbolic":"reference","module":"@angular/platform-browser/animations","name":"BrowserAnimationsModule","line":45,"character":4},{"__symbolic":"reference","module":"@angular/forms","name":"ReactiveFormsModule","line":46,"character":4},{"__symbolic":"reference","module":"@angular/material","name":"MatAutocompleteModule","line":48,"character":4},{"__symbolic":"reference","module":"@angular/material","name":"MatButtonModule","line":49,"character":4},{"__symbolic":"reference","module":"@angular/material","name":"MatButtonToggleModule","line":50,"character":4},{"__symbolic":"reference","module":"@angular/material","name":"MatCardModule","line":51,"character":4},{"__symbolic":"reference","module":"@angular/material","name":"MatCheckboxModule","line":52,"character":4},{"__symbolic":"reference","module":"@angular/material","name":"MatChipsModule","line":53,"character":4},{"__symbolic":"reference","module":"@angular/material","name":"MatDatepickerModule","line":54,"character":4},{"__symbolic":"reference","module":"@angular/material","name":"MatDialogModule","line":55,"character":4},{"__symbolic":"reference","module":"@angular/material","name":"MatExpansionModule","line":56,"character":4},{"__symbolic":"reference","module":"@angular/material","name":"MatFormFieldModule","line":57,"character":4},{"__symbolic":"reference","module":"@angular/material","name":"MatGridListModule","line":58,"character":4},{"__symbolic":"reference","module":"@angular/material","name":"MatIconModule","line":59,"character":4},{"__symbolic":"reference","module":"@angular/material","name":"MatInputModule","line":60,"character":4},{"__symbolic":"reference","module":"@angular/material","name":"MatListModule","line":61,"character":4},{"__symbolic":"reference","module":"@angular/material","name":"MatMenuModule","line":62,"character":4},{"__symbolic":"reference","module":"@angular/material","name":"MatNativeDateModule","line":63,"character":4},{"__symbolic":"reference","module":"@angular/material","name":"MatPaginatorModule","line":64,"character":4},{"__symbolic":"reference","module":"@angular/material","name":"MatProgressBarModule","line":65,"character":4},{"__symbolic":"reference","module":"@angular/material","name":"MatProgressSpinnerModule","line":66,"character":4},{"__symbolic":"reference","module":"@angular/material","name":"MatRadioModule","line":67,"character":4},{"__symbolic":"reference","module":"@angular/material","name":"MatRippleModule","line":68,"character":4},{"__symbolic":"reference","module":"@angular/material","name":"MatSelectModule","line":69,"character":4},{"__symbolic":"reference","module":"@angular/material","name":"MatSidenavModule","line":70,"character":4},{"__symbolic":"reference","module":"@angular/material","name":"MatSliderModule","line":71,"character":4},{"__symbolic":"reference","module":"@angular/material","name":"MatSlideToggleModule","line":72,"character":4},{"__symbolic":"reference","module":"@angular/material","name":"MatSnackBarModule","line":73,"character":4},{"__symbolic":"reference","module":"@angular/material","name":"MatSortModule","line":74,"character":4},{"__symbolic":"reference","module":"@angular/material","name":"MatTableModule","line":75,"character":4},{"__symbolic":"reference","module":"@angular/material","name":"MatTabsModule","line":76,"character":4},{"__symbolic":"reference","module":"@angular/material","name":"MatToolbarModule","line":77,"character":4},{"__symbolic":"reference","module":"@angular/material","name":"MatTooltipModule","line":78,"character":4},{"__symbolic":"reference","module":"@angular/cdk/table","name":"CdkTableModule","line":80,"character":4}],"exports":[{"__symbolic":"reference","module":"@angular/platform-browser/animations","name":"BrowserAnimationsModule","line":83,"character":4},{"__symbolic":"reference","module":"@angular/forms","name":"ReactiveFormsModule","line":84,"character":4},{"__symbolic":"reference","module":"@angular/material","name":"MatAutocompleteModule","line":86,"character":4},{"__symbolic":"reference","module":"@angular/material","name":"MatButtonModule","line":87,"character":4},{"__symbolic":"reference","module":"@angular/material","name":"MatButtonToggleModule","line":88,"character":4},{"__symbolic":"reference","module":"@angular/material","name":"MatCardModule","line":89,"character":4},{"__symbolic":"reference","module":"@angular/material","name":"MatCheckboxModule","line":90,"character":4},{"__symbolic":"reference","module":"@angular/material","name":"MatChipsModule","line":91,"character":4},{"__symbolic":"reference","module":"@angular/material","name":"MatDatepickerModule","line":92,"character":4},{"__symbolic":"reference","module":"@angular/material","name":"MatDialogModule","line":93,"character":4},{"__symbolic":"reference","module":"@angular/material","name":"MatExpansionModule","line":94,"character":4},{"__symbolic":"reference","module":"@angular/material","name":"MatFormFieldModule","line":95,"character":4},{"__symbolic":"reference","module":"@angular/material","name":"MatGridListModule","line":96,"character":4},{"__symbolic":"reference","module":"@angular/material","name":"MatIconModule","line":97,"character":4},{"__symbolic":"reference","module":"@angular/material","name":"MatInputModule","line":98,"character":4},{"__symbolic":"reference","module":"@angular/material","name":"MatListModule","line":99,"character":4},{"__symbolic":"reference","module":"@angular/material","name":"MatMenuModule","line":100,"character":4},{"__symbolic":"reference","module":"@angular/material","name":"MatNativeDateModule","line":101,"character":4},{"__symbolic":"reference","module":"@angular/material","name":"MatPaginatorModule","line":102,"character":4},{"__symbolic":"reference","module":"@angular/material","name":"MatProgressBarModule","line":103,"character":4},{"__symbolic":"reference","module":"@angular/material","name":"MatProgressSpinnerModule","line":104,"character":4},{"__symbolic":"reference","module":"@angular/material","name":"MatRadioModule","line":105,"character":4},{"__symbolic":"reference","module":"@angular/material","name":"MatRippleModule","line":106,"character":4},{"__symbolic":"reference","module":"@angular/material","name":"MatSelectModule","line":107,"character":4},{"__symbolic":"reference","module":"@angular/material","name":"MatSidenavModule","line":108,"character":4},{"__symbolic":"reference","module":"@angular/material","name":"MatSliderModule","line":109,"character":4},{"__symbolic":"reference","module":"@angular/material","name":"MatSlideToggleModule","line":110,"character":4},{"__symbolic":"reference","module":"@angular/material","name":"MatSnackBarModule","line":111,"character":4},{"__symbolic":"reference","module":"@angular/material","name":"MatSortModule","line":112,"character":4},{"__symbolic":"reference","module":"@angular/material","name":"MatTableModule","line":113,"character":4},{"__symbolic":"reference","module":"@angular/material","name":"MatTabsModule","line":114,"character":4},{"__symbolic":"reference","module":"@angular/material","name":"MatToolbarModule","line":115,"character":4},{"__symbolic":"reference","module":"@angular/material","name":"MatTooltipModule","line":116,"character":4},{"__symbolic":"reference","module":"@angular/cdk/table","name":"CdkTableModule","line":118,"character":4}],"declarations":[]}]}],"members":{"__ctor__":[{"__symbolic":"constructor","parameterDecorators":[[{"__symbolic":"call","expression":{"__symbolic":"reference","module":"@angular/core","name":"Optional","line":124,"character":5}},{"__symbolic":"call","expression":{"__symbolic":"reference","module":"@angular/core","name":"SkipSelf","line":125,"character":5}}]],"parameters":[{"__symbolic":"reference","name":"MaterialModule"}]}]}},"DynamicDataModule":{"__symbolic":"class","decorators":[{"__symbolic":"call","expression":{"__symbolic":"reference","module":"@angular/core","name":"NgModule","line":37,"character":1},"arguments":[{"imports":[{"__symbolic":"reference","module":"@angular/common","name":"CommonModule","line":39,"character":4},{"__symbolic":"reference","name":"CoreModule"},{"__symbolic":"reference","name":"SharedModule"},{"__symbolic":"reference","module":"@angular/forms","name":"ReactiveFormsModule","line":42,"character":4},{"__symbolic":"call","expression":{"__symbolic":"select","expression":{"__symbolic":"reference","module":"@agm/core","name":"AgmCoreModule","line":43,"character":4},"member":"forRoot"},"arguments":[{"apiKey":"AIzaSyAdOa90pqGf2iukXoy43TBYQcfUE-nYqjQ","libraries":["places"]}]},{"__symbolic":"call","expression":{"__symbolic":"select","expression":{"__symbolic":"reference","module":"ngx-trumbowyg","name":"NgxTrumbowygModule","line":47,"character":4},"member":"withConfig"},"arguments":[{"svgPath":"/assets/trumbowyg-icons.svg","removeformatPasted":true}]}],"declarations":[{"__symbolic":"reference","name":"ɵc"},{"__symbolic":"reference","name":"ɵd"},{"__symbolic":"reference","name":"ɵe"},{"__symbolic":"reference","name":"ɵf"},{"__symbolic":"reference","name":"ɵh"},{"__symbolic":"reference","name":"ɵj"},{"__symbolic":"reference","name":"ɵk"},{"__symbolic":"reference","name":"ɵl"},{"__symbolic":"reference","name":"ɵm"},{"__symbolic":"reference","name":"ɵn"},{"__symbolic":"reference","name":"ɵo"},{"__symbolic":"reference","name":"ɵp"},{"__symbolic":"reference","name":"ɵq"},{"__symbolic":"reference","name":"ɵr"},{"__symbolic":"reference","name":"ɵs"},{"__symbolic":"reference","name":"ɵt"},{"__symbolic":"reference","name":"ɵu"},{"__symbolic":"reference","name":"ɵv"},{"__symbolic":"reference","name":"ɵw"},{"__symbolic":"reference","name":"ɵx"},{"__symbolic":"reference","name":"ɵy"},{"__symbolic":"reference","name":"ɵz"},{"__symbolic":"reference","name":"ɵba"},{"__symbolic":"reference","name":"ɵbb"},{"__symbolic":"reference","name":"ɵbc"},{"__symbolic":"reference","name":"ɵbd"},{"__symbolic":"reference","name":"ɵbe"},{"__symbolic":"reference","name":"ɵbf"}],"exports":[{"__symbolic":"reference","name":"ɵe"},{"__symbolic":"reference","name":"ɵbf"}],"entryComponents":[{"__symbolic":"reference","name":"ɵd"},{"__symbolic":"reference","name":"ɵf"},{"__symbolic":"reference","name":"ɵh"},{"__symbolic":"reference","name":"ɵj"},{"__symbolic":"reference","name":"ɵk"},{"__symbolic":"reference","name":"ɵl"},{"__symbolic":"reference","name":"ɵm"},{"__symbolic":"reference","name":"ɵn"},{"__symbolic":"reference","name":"ɵo"},{"__symbolic":"reference","name":"ɵp"},{"__symbolic":"reference","name":"ɵq"},{"__symbolic":"reference","name":"ɵr"},{"__symbolic":"reference","name":"ɵs"},{"__symbolic":"reference","name":"ɵt"},{"__symbolic":"reference","name":"ɵu"},{"__symbolic":"reference","name":"ɵv"},{"__symbolic":"reference","name":"ɵw"},{"__symbolic":"reference","name":"ɵx"},{"__symbolic":"reference","name":"ɵy"},{"__symbolic":"reference","name":"ɵz"},{"__symbolic":"reference","name":"ɵba"},{"__symbolic":"reference","name":"ɵbb"},{"__symbolic":"reference","name":"ɵbc"},{"__symbolic":"reference","name":"ɵbd"},{"__symbolic":"reference","name":"ɵbe"},{"__symbolic":"reference","name":"ɵbf"}],"providers":[]}]}],"members":{}},"DynamicFormBuilder":{"__symbolic":"class","members":{"__ctor__":[{"__symbolic":"constructor"}],"createForm":[{"__symbolic":"method"}],"reconcileForm":[{"__symbolic":"method"}],"reconcileGroup":[{"__symbolic":"method"}],"createControl":[{"__symbolic":"method"}],"createGroup":[{"__symbolic":"method"}],"createArray":[{"__symbolic":"method"}],"createEditorArray":[{"__symbolic":"method"}],"createGroupValidator":[{"__symbolic":"method"}],"createArrayValidator":[{"__symbolic":"method"}],"isGroup":[{"__symbolic":"method"}],"isArray":[{"__symbolic":"method"}],"isEditorArray":[{"__symbolic":"method"}],"isControl":[{"__symbolic":"method"}],"hasSpecify":[{"__symbolic":"method"}],"getSpecify":[{"__symbolic":"method"}]}},"SharedModule":{"__symbolic":"class","decorators":[{"__symbolic":"call","expression":{"__symbolic":"reference","module":"@angular/core","name":"NgModule","line":15,"character":1},"arguments":[{"imports":[{"__symbolic":"reference","module":"@angular/common","name":"CommonModule","line":16,"character":14},{"__symbolic":"reference","name":"MaterialModule"},{"__symbolic":"call","expression":{"__symbolic":"select","expression":{"__symbolic":"reference","module":"ngx-mask","name":"NgxMaskModule","line":16,"character":44},"member":"forRoot"}}],"declarations":[{"__symbolic":"reference","name":"MinimumNumberValidatorDirective"},{"__symbolic":"reference","name":"MinimumDateValidatorDirective"},{"__symbolic":"reference","name":"MaximumNumberValidatorDirective"},{"__symbolic":"reference","name":"MaximumDateValidatorDirective"}],"exports":[{"__symbolic":"reference","module":"@angular/common","name":"CommonModule","line":24,"character":8},{"__symbolic":"reference","name":"MaterialModule"},{"__symbolic":"reference","module":"ngx-mask","name":"NgxMaskModule","line":26,"character":8},{"__symbolic":"reference","name":"MinimumNumberValidatorDirective"},{"__symbolic":"reference","name":"MinimumDateValidatorDirective"},{"__symbolic":"reference","name":"MaximumNumberValidatorDirective"},{"__symbolic":"reference","name":"MaximumDateValidatorDirective"}]}]}],"members":{}},"ɵa":{"__symbolic":"class","members":{}},"ɵb":{"ActionToolbar":"action-toolbar","Address":"address","Array":"array","Button":"button","Checkbox":"checkbox","CheckboxGroup":"checkbox-group","Date":"date","Email":"email","Fieldset":"fieldset","Heading":"heading","LayoutEditor":"layout-editor","Number":"number","Panel":"panel","Password":"password","Phone":"phone","Radio":"radio","Select":"select","Slider":"slider","SlideToggle":"slide-toggle","Ssn":"ssn","States":"states","Static":"static","StaticPanel":"static-panel","Text":"text","Textarea":"textarea","TextMask":"text-mask","Time":"time","Zip":"zip"},"ɵc":{"__symbolic":"class","decorators":[{"__symbolic":"call","expression":{"__symbolic":"reference","module":"@angular/core","name":"Directive","line":72,"character":1},"arguments":[{"selector":"[dynamicField]","exportAs":"dynamicForm"}]}],"members":{"config":[{"__symbolic":"property","decorators":[{"__symbolic":"call","expression":{"__symbolic":"reference","module":"@angular/core","name":"Input","line":77,"character":3}}]}],"group":[{"__symbolic":"property","decorators":[{"__symbolic":"call","expression":{"__symbolic":"reference","module":"@angular/core","name":"Input","line":79,"character":3}}]}],"__ctor__":[{"__symbolic":"constructor","parameters":[{"__symbolic":"reference","module":"@angular/core","name":"ComponentFactoryResolver","line":85,"character":22},{"__symbolic":"reference","module":"@angular/core","name":"ViewContainerRef","line":86,"character":23}]}],"ngOnChanges":[{"__symbolic":"method"}],"ngOnInit":[{"__symbolic":"method"}]}},"ɵd":{"__symbolic":"class","decorators":[{"__symbolic":"call","expression":{"__symbolic":"reference","module":"@angular/core","name":"Component","line":7,"character":1},"arguments":[{"selector":"dynamic-action-toolbar","template":"<ng-container>\n  <mat-toolbar>\n      <button\n        *ngIf=\"config.options.buttons.allowDelete\"\n        mat-button\n        mat-raised-button\n        data-action=\"delete\"\n        type=\"submit\"\n        color=\"warn\"\n      >\n        {{ getButtonText('delete') }}\n      </button>\n      <span class=\"fill-space\"></span>\n      <button\n        *ngIf=\"config.options.buttons.allowCancel\"\n        mat-button\n        mat-raised-button\n        data-action=\"cancel\"\n        type=\"submit\"\n      >\n        {{ getButtonText('cancel') }}\n      </button>\n\n      <button\n        *ngIf=\"config.options.buttons.allowSubmit\"\n        mat-button\n        mat-raised-button\n        data-action=\"submit\"\n        color=\"primary\"\n        type=\"submit\"\n      >\n        {{ getButtonText('submit') }}\n      </button>\n  </mat-toolbar>\n</ng-container>\n","styles":[".fill-space{flex:1 1 auto}.mat-toolbar{background:rgba(253,252,252,.87)}"]}]}],"members":{"getActionButtonEnum":[{"__symbolic":"method"}],"getButtonText":[{"__symbolic":"method"}]}},"ɵe":{"__symbolic":"class","decorators":[{"__symbolic":"call","expression":{"__symbolic":"reference","module":"@angular/core","name":"Component","line":27,"character":1},"arguments":[{"selector":"dynamic-form","template":"<form\n  class=\"dynamic-form\"\n  [id]=\"id\"\n  [name]=\"id\"\n  [formGroup]=\"form\"\n  [ngClass]=\"submitted ? 'ddc-submitted' : ''\"\n  (submit)=\"handleSubmit($event)\">\n  <div\n    class=\"component-container\"\n    *ngFor=\"let config of layout;\"\n    dynamicField\n    [config]=\"config\"\n    [group]=\"form\">\n  </div>\n</form>\n","styles":["form{font-family:Roboto,Arial,sans-serif}:host ::ng-deep .dynamic-group{margin-top:2em;margin-bottom:2em}:host ::ng-deep .component-container{margin-top:1em;margin-bottom:1em}:host ::ng-deep fieldset .dynamic-field:first-of-type,:host ::ng-deep mat-card .dynamic-field:first-of-type{margin-top:0}:host ::ng-deep .mimic-mat-hint{color:rgba(0,0,0,.54);font-size:75%;margin-top:.54167em}:host ::ng-deep .mimic-mat-error{color:#f44336;font-size:75%;font-weight:400;line-height:13.5px;text-align:left;margin-top:.54167em}:host ::ng-deep .mimic-mat-placeholder{display:block}:host ::ng-deep .mimic-mat-placeholder:not(.mat-error){color:rgba(0,0,0,.54)}:host ::ng-deep .mimic-mat-label{font-size:14px;line-height:1.42857143;font-weight:400}"]}]}],"members":{"layout":[{"__symbolic":"property","decorators":[{"__symbolic":"call","expression":{"__symbolic":"reference","module":"@angular/core","name":"Input","line":33,"character":5}}]}],"entity":[{"__symbolic":"property","decorators":[{"__symbolic":"call","expression":{"__symbolic":"reference","module":"@angular/core","name":"Input","line":35,"character":5}}]}],"valueChanges":[{"__symbolic":"property","decorators":[{"__symbolic":"call","expression":{"__symbolic":"reference","module":"@angular/core","name":"Output","line":38,"character":5}}]}],"cancel":[{"__symbolic":"property","decorators":[{"__symbolic":"call","expression":{"__symbolic":"reference","module":"@angular/core","name":"Output","line":41,"character":5}}]}],"remove":[{"__symbolic":"property","decorators":[{"__symbolic":"call","expression":{"__symbolic":"reference","module":"@angular/core","name":"Output","line":43,"character":5}}]}],"submit":[{"__symbolic":"property","decorators":[{"__symbolic":"call","expression":{"__symbolic":"reference","module":"@angular/core","name":"Output","line":45,"character":5}}]}],"__ctor__":[{"__symbolic":"constructor","parameters":[{"__symbolic":"reference","module":"@angular/core","name":"ElementRef","line":71,"character":31}]}],"ngOnInit":[{"__symbolic":"method"}],"ngOnChanges":[{"__symbolic":"method"}],"reconcileForm":[{"__symbolic":"method"}],"reconcileLayout":[{"__symbolic":"method"}],"validateFormControls":[{"__symbolic":"method"}],"validate":[{"__symbolic":"method"}],"handleSubmit":[{"__symbolic":"method"}],"setDisabled":[{"__symbolic":"method"}],"getValue":[{"__symbolic":"method"}],"getControlErrors":[{"__symbolic":"method"}],"getErrors":[{"__symbolic":"method"}],"getControlsForGroup":[{"__symbolic":"method"}]}},"ɵf":{"__symbolic":"class","decorators":[{"__symbolic":"call","expression":{"__symbolic":"reference","module":"@angular/core","name":"Component","line":7,"character":1},"arguments":[{"selector":"dynamic-dynamic-modal-dialog","template":"<h1 mat-dialog-title *ngIf=\"data.heading\">{{data.heading}}</h1>\n<div *ngIf=\"!data.preformattedJson\">\n  <div mat-dialog-content [ngClass]=\"data.size\">\n    <dynamic-form\n      #modalForm\n      [layout]=\"data.layout\"\n      [entity]=\"data.entity\"\n    >\n    </dynamic-form>\n  </div>\n  <div mat-dialog-actions>\n    <button mat-raised-button color=\"primary\" [mat-dialog-close]=\"returnValue ? returnValue : modalForm.value\" tabindex=\"2\">{{primaryButtonText}}</button>\n    <button mat-raised-button (click)=\"cancel()\" tabindex=\"-1\" *ngIf=\"displayCancel()\">{{secondaryButtonText}}</button>\n  </div>\n</div>\n\n<div *ngIf=\"data.preformattedJson\">\n  <div mat-dialog-content [ngClass]=\"data.size\">\n  <pre>{{ data.entity | json }}</pre>\n  </div>\n  <div *ngIf=\"data.preformattedJson\"  mat-dialog-actions>\n    <button mat-raised-button color=\"primary\" [mat-dialog-close]=\"returnValue\" tabindex=\"2\">{{primaryButtonText}}</button>\n    <button mat-raised-button (click)=\"cancel()\" tabindex=\"-1\" *ngIf=\"displayCancel()\">{{secondaryButtonText}}</button>\n  </div>\n\n</div>\n","styles":["pre{background-color:#d3d3d3}"]}]}],"members":{"modalForm":[{"__symbolic":"property","decorators":[{"__symbolic":"call","expression":{"__symbolic":"reference","module":"@angular/core","name":"ViewChild","line":13,"character":3},"arguments":["form"]}]}],"__ctor__":[{"__symbolic":"constructor","parameterDecorators":[null,[{"__symbolic":"call","expression":{"__symbolic":"reference","module":"@angular/core","name":"Inject","line":21,"character":5},"arguments":[{"__symbolic":"reference","module":"@angular/material","name":"MAT_DIALOG_DATA","line":21,"character":12}]}]],"parameters":[{"__symbolic":"reference","name":"MatDialogRef","module":"@angular/material","arguments":[{"__symbolic":"reference","name":"ɵf"}]},{"__symbolic":"reference","name":"ɵg"}]}],"checkValidity":[{"__symbolic":"method"}],"displayCancel":[{"__symbolic":"method"}],"cancel":[{"__symbolic":"method"}]}},"ɵg":{"__symbolic":"interface"},"ɵh":{"__symbolic":"class","extends":{"__symbolic":"reference","name":"ɵi"},"decorators":[{"__symbolic":"call","expression":{"__symbolic":"reference","module":"@angular/core","name":"Component","line":7,"character":1},"arguments":[{"selector":"dynamic-form-address","template":"<ng-container\n  class=\"dynamic-field form-input\"\n  [formGroup]=\"group\">\n  <mat-form-field>\n    <input\n      matInput\n      type=\"text\"\n      [id]=\"id\"\n      [name]=\"id\"\n      [placeholder]=\"config.label\"\n      [formControlName]=\"config.name\"\n      [required]=\"config.options.validation.required || requiredIf()\"\n      autocorrect=\"off\"\n      autocapitalize=\"off\"\n      spellcheck=\"off\"\n    >\n    <mat-hint>{{config.options.hint}}</mat-hint>\n    <mat-error *ngIf=\"group.get(config.name).hasError('required')\">\n      {{ config.label }} is required.\n    </mat-error>\n  </mat-form-field>\n\n</ng-container>\n","styles":[".mat-form-field{width:400px}"]}]}],"members":{"__ctor__":[{"__symbolic":"constructor","parameters":[{"__symbolic":"reference","module":"@agm/core","name":"MapsAPILoader","line":14,"character":37}]}],"ngOnInit":[{"__symbolic":"method"}],"geolocate":[{"__symbolic":"method"}]}},"ɵi":{"__symbolic":"class","members":{"__ctor__":[{"__symbolic":"constructor"}],"ngOnInit":[{"__symbolic":"method"}],"resetControls":[{"__symbolic":"method"}],"findControl":[{"__symbolic":"method"}],"handleSpecifyConfig":[{"__symbolic":"method"}],"handleEnableDisable":[{"__symbolic":"method"}],"requiredIfChanges":[{"__symbolic":"method"}],"requiredIf":[{"__symbolic":"method"}],"showIfChanges":[{"__symbolic":"method"}],"showIf":[{"__symbolic":"method"}]}},"ɵj":{"__symbolic":"class","extends":{"__symbolic":"reference","name":"ɵi"},"decorators":[{"__symbolic":"call","expression":{"__symbolic":"reference","module":"@angular/core","name":"Component","line":8,"character":1},"arguments":[{"selector":"dynamic-form-array","template":"<ng-container\n  [formGroup]=\"group\"\n  class=\"dynamic-group\"\n>\n  <div\n    class=\"mimic-mat-placeholder\"\n  ><span>{{config.label}}</span></div>\n  <div\n    *ngIf=\"!(group.get(config.name).touched && (group.get(config.name).hasError('required') || group.get(config.name).hasError('minlength') || group.get(config.name).hasError('maxlength')))\"\n    class=\"mimic-mat-hint\"><span>{{config.options.hint}}</span></div>\n  <div\n    class=\"mimic-mat-error\"\n    *ngIf=\"group.get(config.name).hasError('required') && (group.get(config.name).touched)\">\n    <span>Your response is required.</span>\n  </div>\n  <div\n    class=\"mimic-mat-error\"\n    *ngIf=\"group.get(config.name).hasError('minlength') && (group.get(config.name).touched)\">\n    <span>At least {{config.options.validation.minLength}} {{config.options.validation.minLength===1 ? ' is ' :' are '}}required.</span>\n  </div>\n  <div\n    class=\"mimic-mat-error\"\n    *ngIf=\"group.get(config.name).hasError('maxlength') && (group.get(config.name).touched)\">\n    <span>No more than {{config.options.validation.maxLength}} {{config.options.validation.maxLength===1 ? ' is ' :' are '}}allowed.</span>\n  </div>\n  <ng-container\n    [formArrayName]=\"config.name\"\n  >\n    <mat-card\n      *ngFor=\"let subgroup of group.get(config.name)['controls']; let i = index;\"\n    >\n      <button mat-icon-button type=\"button\" color=\"warn\" class=\"remove\" mat-tooltip=\"Remove this one\" aria-label=\"Remove button with icon\" (click)=\"remove(i)\" *ngIf=\"!config.options.removeText\">\n        <mat-icon\n          aria-hidden=\"true\">remove_circle\n        </mat-icon>\n      </button>\n      \n      <button mat-raised-button type=\"button\" color=\"warn\" class=\"remove\" mat-tooltip=\"Remove this one\" aria-label=\"Remove button with icon\" (click)=\"remove(i)\"  *ngIf=\"config.options.removeText\">\n        <mat-icon\n          aria-hidden=\"true\">remove_circle\n        </mat-icon>\n         {{config.options.removeText}}\n      </button>\n      <div\n        *ngFor=\"let field of config.options.fields;\"\n        dynamicField\n        [config]=\"field\"\n        [group]=\"subgroup\"\n      >\n      </div>\n    </mat-card>\n  </ng-container>\n<div class=\"add\">\n  <button mat-mini-fab type=\"button\" (click)=\"add()\" mat-tooltip=\"Add another\" aria-label=\"Add button with icon\" *ngIf=\"!config.options.addText\">\n    <mat-icon\n      aria-hidden=\"true\">add\n    </mat-icon>\n  </button>\n  \n  <button mat-raised-button type=\"button\" (click)=\"add()\" color=\"accent\" mat-tooltip=\"Add another\" aria-label=\"Add button with icon\" *ngIf=\"config.options.addText\">\n    <mat-icon aria-hidden=\"true\">add</mat-icon>\n    {{config.options.addText}}\n  </button>\n</div>\n</ng-container>\n","styles":["button.remove{display:inline-block;float:right;position:absolute;top:0;right:0;margin:5px 5px 0 0}mat-card{margin:2px}div.add{text-align:right;margin:5px 5px 0 0}"]}]}],"members":{"ngOnInit":[{"__symbolic":"method"}],"add":[{"__symbolic":"method"}],"remove":[{"__symbolic":"method"}]}},"ɵk":{"__symbolic":"class","decorators":[{"__symbolic":"call","expression":{"__symbolic":"reference","module":"@angular/core","name":"Component","line":6,"character":1},"arguments":[{"selector":"dynamic-form-button","template":"<ng-container\n  class=\"dynamic-field form-button\"\n  [formGroup]=\"group\">\n  <button\n    mat-raised-button\n    color=\"primary\"\n    type=\"submit\"\n    [id]=\"config.name\"\n    [name]=\"config.name\"\n  >{{ config.label }}\n  </button>\n</ng-container>\n","styles":[""]}]}],"members":{"setValidators":[{"__symbolic":"method"}]}},"ɵl":{"__symbolic":"class","extends":{"__symbolic":"reference","name":"ɵi"},"decorators":[{"__symbolic":"call","expression":{"__symbolic":"reference","module":"@angular/core","name":"Component","line":5,"character":1},"arguments":[{"selector":"dynamic-form-checkbox","template":"<ng-container\n  class=\"dynamic-field form-input\"\n  [formGroup]=\"group\"\n  *ngIf=\"showIf()\"\n  >\n  <mat-checkbox\n    [id]=\"id\"\n    [name]=\"id\"\n    [formControlName]=\"config.name\"\n    [required]=\"config.options.validation.required || requiredIf()\"\n    [labelPosition]=\"(config.options && config.options.align) || 'after'\"\n    [indeterminate]=\"config.options.indeterminate\"\n    (change)=\"change();\"\n  >\n    <span\n      [ngClass]=\"{'mat-error' : group.get(config.name).hasError('required') && group.get(config.name).touched}\"\n    >{{config.label}}<span\n      *ngIf=\"config.options.validation.required\"\n    > *</span></span>\n  </mat-checkbox>\n  <div\n    class=\"mimic-mat-error\"\n    *ngIf=\"group.get(config.name).hasError('required') && group.get(config.name).touched\">\n    <span>Your response is required.</span>\n  </div>\n  <ng-container\n    *ngIf=\"specifyConfig() && !!group.get(config.name).value\"\n    dynamicField\n    [group]=\"group\"\n    [config]=\"config.options.specify\"\n  ></ng-container>\n</ng-container>\n","styles":[""]}]}],"members":{"getConfig":[{"__symbolic":"method"}],"specifyConfig":[{"__symbolic":"method"}],"change":[{"__symbolic":"method"}]}},"ɵm":{"__symbolic":"class","extends":{"__symbolic":"reference","name":"ɵi"},"decorators":[{"__symbolic":"call","expression":{"__symbolic":"reference","module":"@angular/core","name":"Component","line":4,"character":1},"arguments":[{"selector":"dynamic-form-checkbox-group","template":"<ng-container\n  class=\"dynamic-group\"\n  *ngIf=\"showIf()\"\n>\n  <span\n    class=\"mimic-mat-placeholder mimic-mat-label\"\n    [ngClass]=\"{'mat-error': group.get(config.name).hasError('requiredMin') && group.get(config.name).touched}\">\n    {{config.label}}<span *ngIf=\"config.options.validation.requiredMin\"> *</span> </span>\n  \n  <div class=\"mimic-mat-hint\">{{config.options.hint}}</div>    \n  \n  <div\n    class=\"mimic-mat-error\"\n    *ngIf=\"group.get(config.name).hasError('requiredMin') && (group.get(config.name).touched)\">\n    <span>At least {{config.options.validation.requiredMin}} selection{{config.options.validation.requiredMin===1 ? ' is ' :'s are '}}required.</span>\n  </div>\n  <div\n    *ngFor=\"let field of config.options.fields;\"\n    dynamicField\n    [config]=\"field\"\n    [group]=\"group.get(config.name)\"\n  >\n  </div>\n</ng-container>\n","styles":[":host ::ng-deep .dynamic-field{margin:5px!important}"]}]}],"members":{}},"ɵn":{"__symbolic":"class","extends":{"__symbolic":"reference","name":"ɵi"},"decorators":[{"__symbolic":"call","expression":{"__symbolic":"reference","module":"@angular/core","name":"Component","line":4,"character":1},"arguments":[{"selector":"dynamic-form-date","template":"<ng-container\n  class=\"dynamic-field form-input\"\n  [formGroup]=\"group\"\n  *ngIf=\"showIf()\">\n  <mat-form-field>\n    <input\n      matInput\n      [matDatepicker]=\"picker\"\n      [formControlName]=\"config.name\"\n      [id]=\"id\"\n      [name]=\"id\"\n      [placeholder]=\"config.label\"\n      [required]=\"config.options.validation.required || requiredIf()\"\n      [min]=\"minDate\"\n      [max]=\"maxDate\"\n      minDate=\"{{minDate}}\"\n      maxDate=\"{{maxDate}}\"\n      [matDatepickerFilter]=\"dateFilter\"\n      maxlength=\"10\"\n    >\n    <mat-datepicker-toggle\n      matSuffix\n      [for]=\"picker\"\n    ></mat-datepicker-toggle>\n\n    <mat-datepicker\n      #picker\n      [startAt]=\"startAt\"\n    ></mat-datepicker>\n    <mat-hint>{{config.options.hint}}</mat-hint>\n\n    <mat-error\n      *ngIf=\"group.get(config.name).hasError('required')\">\n      {{ config.label }} is required.\n    </mat-error>\n    <mat-error\n      *ngIf=\"group.get(config.name).hasError('min') || group.get(config.name).hasError('matDatepickerMin')\">\n      {{ config.label }} must be on or after {{ minDateString }}.\n    </mat-error>\n    <mat-error\n      *ngIf=\"group.get(config.name).hasError('max') ||  group.get(config.name).hasError('matDatepickerMax')\">\n      {{ config.label }} must be on or before {{ maxDateString }}.\n    </mat-error>\n    <mat-error\n      *ngIf=\"group.get(config.name).hasError('matDatepickerParse') ||  group.get(config.name).hasError('matDatepickerMax')\">\n      {{ config.label }} must be a valid date.\n    </mat-error>\n    <mat-error\n      *ngIf=\"group.get(config.name).hasError('matDatepickerFilter ')\">\n      {{ config.label }} must contain a valid date...filter.\n    </mat-error>\n\n  </mat-form-field>\n</ng-container>\n","styles":[""]}]}],"members":{"ngOnInit":[{"__symbolic":"method"}],"buildDate":[{"__symbolic":"method"}],"formatDateString":[{"__symbolic":"method"}],"dateFilter":[{"__symbolic":"method"}]}},"ɵo":{"__symbolic":"class","extends":{"__symbolic":"reference","name":"ɵi"},"decorators":[{"__symbolic":"call","expression":{"__symbolic":"reference","module":"@angular/core","name":"Component","line":5,"character":1},"arguments":[{"selector":"dynamic-form-email","template":"<ng-container\n  class=\"dynamic-field\"\n  [formGroup]=\"group\">\n  <mat-form-field>\n    <input\n      matInput\n      type=\"email\"\n      [id]=\"id\"\n      [name]=\"id\"\n      [placeholder]=\"config.label\"\n      [formControlName]=\"config.name\"\n      [required]=\"config.options.validation.required || requiredIf()\"\n      [pattern]=\"pattern()\"\n    >\n\n    <mat-hint>{{config.options.hint}}</mat-hint>\n\n    <mat-error *ngIf=\"group.get(config.name).hasError('required')\">\n      {{ config.label }} is required.\n    </mat-error>\n    <mat-error *ngIf=\"group.get(config.name).hasError('pattern') || group.get(config.name).hasError('email')\">\n      Please provide a valid email address.\n    </mat-error>\n\n  </mat-form-field>\n</ng-container>\n","styles":[""]}]}],"members":{"pattern":[{"__symbolic":"method"}]}},"ɵp":{"__symbolic":"class","extends":{"__symbolic":"reference","name":"ɵi"},"decorators":[{"__symbolic":"call","expression":{"__symbolic":"reference","module":"@angular/core","name":"Component","line":4,"character":1},"arguments":[{"selector":"dynamic-form-fieldset","template":"<fieldset\n  class=\"dynamic-group\"\n>\n  <legend>{{config.label}}</legend>\n  <div\n    *ngFor=\"let field of config.options.fields;\"\n    dynamicField\n    [config]=\"field\"\n    [group]=\"group.get(config.name)\">\n  </div>\n</fieldset>\n","styles":[""]}]}],"members":{}},"ɵq":{"__symbolic":"class","decorators":[{"__symbolic":"call","expression":{"__symbolic":"reference","module":"@angular/core","name":"Component","line":6,"character":1},"arguments":[{"selector":"dynamic-form-heading","template":"<ng-container\n  class=\"dynamic-field\"\n  [ngSwitch]=\"config.options.level\">\n  <h1 *ngSwitchCase=\"1\">{{config.label}}</h1>\n  <h2 *ngSwitchCase=\"2\">{{config.label}}</h2>\n  <h3 *ngSwitchCase=\"3\">{{config.label}}</h3>\n  <h4 *ngSwitchCase=\"4\">{{config.label}}</h4>\n  <h5 *ngSwitchCase=\"5\">{{config.label}}</h5>\n  <h6 *ngSwitchCase=\"6\">{{config.label}}</h6>\n  <span *ngSwitchDefault>{{config.label}}</span>\n</ng-container>\n","styles":[""]}]}],"members":{}},"ɵr":{"__symbolic":"class","extends":{"__symbolic":"reference","name":"ɵi"},"decorators":[{"__symbolic":"call","expression":{"__symbolic":"reference","module":"@angular/core","name":"Component","line":4,"character":1},"arguments":[{"selector":"dynamic-form-number","template":"<ng-container\n  class=\"dynamic-field form-input\"\n  [formGroup]=\"group\">\n  <mat-form-field>\n    <input\n      matInput\n      type=\"number\"\n      [id]=\"id\"\n      [name]=\"id\"\n      [placeholder]=\"config.label\"\n      [formControlName]=\"config.name\"\n      [required]=\"config.options.validation.required || requiredIf()\"\n      minNumber=\"{{config.options.validation.min}}\"\n      maxNumber=\"{{config.options.validation.max}}\"\n    >\n    <mat-hint>{{config.options.hint}}</mat-hint>\n\n    <mat-error *ngIf=\"group.get(config.name).hasError('required')\">\n      {{ config.label }} is required.\n    </mat-error>\n    <mat-error *ngIf=\"group.get(config.name).hasError('min')\">\n      {{ config.label }} must be at least {{config.options.validation.min}}.\n    </mat-error>\n    <mat-error *ngIf=\"group.get(config.name).hasError('max')\">\n      {{ config.label }} must be no more than {{config.options.validation.max}}.\n    </mat-error>\n  </mat-form-field>\n</ng-container>\n","styles":[""]}]}],"members":{}},"ɵs":{"__symbolic":"class","extends":{"__symbolic":"reference","name":"ɵi"},"decorators":[{"__symbolic":"call","expression":{"__symbolic":"reference","module":"@angular/core","name":"Component","line":4,"character":1},"arguments":[{"selector":"dynamic-form-password","template":"<ng-container class=\"dynamic-field\">\n  <mat-form-field\n    class=\"form-input\"\n    [formGroup]=\"group\">\n\n    <input\n      matInput\n      type=\"password\"\n      [id]=\"id\"\n      [name]=\"id\"\n      [placeholder]=\"config.label\"\n      [formControlName]=\"config.name\"\n      [required]=\"config.options.validation.required || requiredIf()\"\n      [pattern]=\"config.options.validation.pattern\"\n      [minlength]=\"config.options.validation.minLength\"\n      [maxlength]=\"config.options.validation.maxLength\"\n    >\n    <mat-hint>{{config.options.hint}}</mat-hint>\n\n    <mat-error *ngIf=\"group.get(config.name).hasError('required')\">\n      {{ config.label }} is required.\n    </mat-error>\n    <mat-error *ngIf=\"group.get(config.name).hasError('pattern')\">\n      {{ config.label }} should follow the pattern of {{config.options.validation.pattern}}.\n    </mat-error>\n    <mat-error *ngIf=\"group.get(config.name).hasError('minlength')\">\n      {{ config.label }} must have length of at least {{config.options.validation.minLength}}.\n    </mat-error>\n    <mat-error *ngIf=\"group.get(config.name).hasError('maxlength')\">\n      {{ config.label }} must have length of no more than {{config.options.validation.maxLength}}.\n    </mat-error>\n  </mat-form-field>\n</ng-container>\n","styles":[""]}]}],"members":{}},"ɵt":{"__symbolic":"class","extends":{"__symbolic":"reference","name":"ɵi"},"decorators":[{"__symbolic":"call","expression":{"__symbolic":"reference","module":"@angular/core","name":"Component","line":6,"character":1},"arguments":[{"selector":"dynamic-form-radio","template":"<ng-container\n  class=\"dynamic-field\"\n  [formGroup]=\"group\"\n   *ngIf=\"showIf()\">\n  <mat-radio-group\n    class=\"radio-group\"\n    [ngClass]=\"[ config.options.vertical ? 'vertical' : 'horiztonal']\"\n    [id]=\"id\"\n    [name]=\"id\"\n    [formControlName]=\"config.name\"\n    [required]=\"config.options.validation.required || requiredIf()\"\n    (change)=\"change()\"\n  >\n    <span\n    class=\"mimic-mat-placeholder mimic-mat-label\"\n    [ngClass]=\"{'mat-error': group.get(config.name).hasError('required') && group.get(config.name).touched}\">\n    {{config.label}}<span *ngIf=\"config.options.validation.required || requiredIf()\"> *</span> </span>\n    \n    <div class=\"mimic-mat-hint\">{{config.options.hint}}</div>    \n      \n    <div\n      class=\"mimic-mat-error\"\n      *ngIf=\"group.get(config.name).hasError('required') && (group.get(config.name).touched)\">\n      <span>Your response is required.</span>\n    </div>\n    <ng-container\n      *ngFor=\"let item of config.options.items\">\n      <mat-radio-button\n        class=\"radio-button\"\n        [style.width.%]=\"width\"\n        [value]=\"item.value\"\n      >{{item.label}}\n      </mat-radio-button>\n\n      <ng-container\n        *ngIf=\"group.get(config.name).value === item.value && specifyConfig(item.value)\"\n        dynamicField\n        [group]=\"group\"\n        [config]=\"specifyConfig(item.value)\"\n      ></ng-container>\n\n      </ng-container>\n  </mat-radio-group>\n</ng-container>\n","styles":[".radio-group{display:inline-flex}.radio-group.vertical{flex-direction:column}.radio-group.horizontal{flex-direction:row}.radio-button{margin:5px}"]}]}],"members":{"ngOnInit":[{"__symbolic":"method"}],"specifyConfig":[{"__symbolic":"method"}],"change":[{"__symbolic":"method"}]}},"ɵu":{"__symbolic":"class","extends":{"__symbolic":"reference","name":"ɵi"},"decorators":[{"__symbolic":"call","expression":{"__symbolic":"reference","module":"@angular/core","name":"Component","line":5,"character":1},"arguments":[{"selector":"dynamic-form-select","template":"<ng-container\n  class=\"dynamic-field form-select\"\n  [formGroup]=\"group\"\n  *ngIf=\"showIf()\"\n  >\n  <mat-form-field>\n    <mat-select\n      [id]=\"id\"\n      [placeholder]=\"config.label\"\n      [formControlName]=\"config.name\"\n      [required]=\"config.options.validation.required || requiredIf()\"\n      (change)=\"change()\"\n    >\n      <mat-option class=\"mat-option-disabled\">{{config.options.hint}}</mat-option>\n      <mat-option *ngFor=\"let item of config.options.items\"\n                  [value]=\"item.value\">{{ item.label }}\n      </mat-option>\n    </mat-select>\n    \n   <mat-hint>{{config.options.hint}}</mat-hint>\n      <mat-error\n    *ngIf=\"group.get(config.name).hasError('required') && (group.get(config.name).touched)\"\n  >\n    <span>{{config.label}} is required.</span>\n  </mat-error>\n  </mat-form-field>\n</ng-container>\n<div></div>\n<ng-container\n  *ngIf=\"!!group.get(config.name).value && specifyConfig(group.get(config.name).value)\"\n  dynamicField\n  [group]=\"group\"\n  [config]=\"specifyConfig(group.get(config.name).value)\"\n></ng-container>\n","styles":[""]}]}],"members":{"specifyConfig":[{"__symbolic":"method"}],"change":[{"__symbolic":"method"}]}},"ɵv":{"__symbolic":"class","extends":{"__symbolic":"reference","name":"ɵi"},"decorators":[{"__symbolic":"call","expression":{"__symbolic":"reference","module":"@angular/core","name":"Component","line":4,"character":1},"arguments":[{"selector":"dynamic-form-slider","template":"<ng-container\n  class=\"dynamic-field form-input\"\n  [formGroup]=\"group\">\n  <div>\n    <label\n      class=\"mimic-mat-placeholder\"\n      [ngClass]=\"{'mat-error': (group.get(config.name).hasError('required') || group.get(config.name).hasError('required')) && group.get(config.name).touched }\"\n    >{{config.label}}<span *ngIf=\"config.options.validation.required\"> *</span> </label>\n  </div>\n  <mat-slider\n    [id]=\"id\"\n    [formControlName]=\"config.name\"\n    [required]=\"config.options.validation.required || requiredIf()\"\n    [min]=\"config.options.validation.min\"\n    [max]=\"config.options.validation.max\"\n    [invert]=\"config.options.invert\"\n    [vertical]=\"config.options.vertical\"\n    [step]=\"config.options.step\"\n    [thumbLabel]=\"config.options.thumbLabel\"\n    [tickInterval]=\"config.options.tickInterval\"\n  >\n  </mat-slider>\n  <div\n    class=\"mimic-mat-error\"\n    *ngIf=\"group.get(config.name).hasError('required') && (group.get(config.name).touched)\">\n    <span>{{config.label}} is required.</span>\n  </div>\n</ng-container>\n\n\n\n","styles":["mat-slider{width:200px}"]}]}],"members":{}},"ɵw":{"__symbolic":"class","extends":{"__symbolic":"reference","name":"ɵi"},"decorators":[{"__symbolic":"call","expression":{"__symbolic":"reference","module":"@angular/core","name":"Component","line":4,"character":1},"arguments":[{"selector":"dynamic-form-slide-toggle","template":"<ng-container\n  class=\"dynamic-field form-input\"\n  [formGroup]=\"group\">\n  <mat-slide-toggle\n    [id]=\"id\"\n    [name]=\"id\"\n    [formControlName]=\"config.name\"\n    [required]=\"config.options.validation.required || requiredIf()\"\n    [labelPosition]=\"config.options.align || 'after'\"\n    [color]=\"config.options.color || 'accent'\">\n    <span\n      [ngClass]=\"{'mat-error' : group.get(config.name).hasError('required') && group.get(config.name).touched}\"\n    >{{config.label}}<span *ngIf=\"config.options.validation.required\"> *</span></span>\n  </mat-slide-toggle>\n\n  <div\n    class=\"mimic-mat-error\"\n    *ngIf=\"group.get(config.name).hasError('required') && group.get(config.name).touched\">\n    <span>Your response is required.</span>\n  </div>\n</ng-container>\n","styles":[""]}]}],"members":{}},"ɵx":{"__symbolic":"class","extends":{"__symbolic":"reference","name":"ɵi"},"decorators":[{"__symbolic":"call","expression":{"__symbolic":"reference","module":"@angular/core","name":"Component","line":6,"character":1},"arguments":[{"selector":"dynamic-form-states","template":"<ng-container\n  class=\"dynamic-field form-states\"\n  [formGroup]=\"group\"\n  *ngIf=\"showIf()\"\n  >\n  <mat-form-field>\n    <mat-select\n      [id]=\"id\"\n      [placeholder]=\"config.label\"\n      [formControlName]=\"config.name\"\n      [required]=\"config.options.validation.required || requiredIf()\"\n    >\n      <mat-option class=\"mat-option-disabled\">{{config.options.hint}}</mat-option>\n      <mat-option *ngFor=\"let item of config.options.states\"\n                  [value]=\"item.value\">{{ item.label }}\n      </mat-option>\n    </mat-select>\n    \n    <mat-hint>{{config.options.hint}}</mat-hint>\n      <mat-error\n    *ngIf=\"group.get(config.name).hasError('required') && (group.get(config.name).touched)\"\n  >\n    <span>{{config.label}} is required.</span>\n  </mat-error>\n  </mat-form-field>\n</ng-container>\n","styles":[""]}]}],"members":{"ngOnInit":[{"__symbolic":"method"}]}},"ɵy":{"__symbolic":"class","extends":{"__symbolic":"reference","name":"ɵi"},"decorators":[{"__symbolic":"call","expression":{"__symbolic":"reference","module":"@angular/core","name":"Component","line":4,"character":1},"arguments":[{"selector":"dynamic-form-static","template":"<ng-container class=\"dynamic-field\" *ngIf=\"showIf()\">\n  <div [innerHtml]=\"config.label\"></div>\n</ng-container>\n","styles":[""]}]}],"members":{}},"ɵz":{"__symbolic":"class","decorators":[{"__symbolic":"call","expression":{"__symbolic":"reference","module":"@angular/core","name":"Component","line":6,"character":1},"arguments":[{"selector":"dynamic-form-static-panel","template":"<mat-expansion-panel class=\"dynamic-group\">\n  <mat-expansion-panel-header>\n    <mat-panel-title>\n      {{config.label}}\n    </mat-panel-title>\n    <mat-panel-description>\n      {{config.options.hint}}\n    </mat-panel-description>\n  </mat-expansion-panel-header>\n  <div\n    *ngFor=\"let field of config.options.fields;\"\n    dynamicField\n    [config]=\"field\"\n    [group]=\"group.get(config.name)\"\n  >\n  </div>\n</mat-expansion-panel>\n","styles":[""]}]}],"members":{}},"ɵba":{"__symbolic":"class","extends":{"__symbolic":"reference","name":"ɵi"},"decorators":[{"__symbolic":"call","expression":{"__symbolic":"reference","module":"@angular/core","name":"Component","line":8,"character":1},"arguments":[{"selector":"dynamic-form-text","template":"<ng-container class=\"dynamic-field\" *ngIf=\"showIf()\">\n  <mat-form-field\n    class=\"form-input\"\n    [formGroup]=\"group\">\n\n    <input\n      matInput\n      type=\"text\"\n      [id]=\"id\"\n      [name]=\"id\"\n      [placeholder]=\"config.label\"\n      [formControlName]=\"config.name\"\n      [required]=\"config.options.validation.required || requiredIf()\"\n      [pattern]=\"config.options.validation.pattern\"\n      [minlength]=\"config.options.validation.minLength\"\n      [maxlength]=\"config.options.validation.maxLength\"\n      [matAutocomplete]=\"auto\"\n    >\n    <mat-autocomplete #auto=\"matAutocomplete\">\n      <mat-option\n        *ngFor=\"let item of filteredItems | async\"\n        [value]=\"item\"\n      >\n        <span>{{ item }}</span>\n      </mat-option>\n    </mat-autocomplete>\n    <mat-hint>{{config.options.hint}}</mat-hint>\n\n    <mat-error *ngIf=\"group.get(config.name) && group.get(config.name).hasError('required')\">\n      {{ config.label }} is required.\n    </mat-error>\n    <mat-error *ngIf=\"group.get(config.name) && group.get(config.name).hasError('pattern')\">\n      {{ config.label }} should follow the pattern of {{config.options.validation.pattern}}.\n    </mat-error>\n    <mat-error *ngIf=\"group.get(config.name) && group.get(config.name).hasError('minlength')\">\n      {{ config.label }} must have length of at least {{config.options.validation.minLength}}.\n    </mat-error>\n    <mat-error *ngIf=\"group.get(config.name) && group.get(config.name).hasError('maxlength')\">\n      {{ config.label }} must have length of no more than {{config.options.validation.maxLength}}.\n    </mat-error>\n  </mat-form-field>\n</ng-container>\n","styles":[""]}]}],"members":{"ngOnInit":[{"__symbolic":"method"}],"getItems":[{"__symbolic":"method"}],"filterItems":[{"__symbolic":"method"}]}},"ɵbb":{"__symbolic":"class","extends":{"__symbolic":"reference","name":"ɵi"},"decorators":[{"__symbolic":"call","expression":{"__symbolic":"reference","module":"@angular/core","name":"Component","line":4,"character":1},"arguments":[{"selector":"dynamic-form-textarea","template":"<ng-container\n  class=\"dynamic-field form-input\"\n  [formGroup]=\"group\">\n\n  <span\n    class=\"mimic-mat-placeholder\"\n    [ngClass]=\"{'mat-error': group.get(config.name).hasError('required') && group.get(config.name).touched}\">\n    {{config.label}}<span *ngIf=\"config.options.validation.required\"> *</span> </span>\n\n  <ngx-trumbowyg-editor\n    [formControlName]=\"config.name\"\n    [placeholder]=\"config.label\"\n    [required]=\"config.options.validation.required || requiredIf()\">\n  </ngx-trumbowyg-editor>\n\n  <div class=\"mimic-mat-hint\">{{config.options.hint}}</div>\n\n  <div class=\"mimic-mat-error\"\n       *ngIf=\"group.get(config.name).hasError('required') && group.get(config.name).touched\">\n    {{ config.label }} is required.\n  </div>\n</ng-container>\n\n\n","styles":[".mat-form-field{width:100%}"]}]}],"members":{}},"ɵbc":{"__symbolic":"class","extends":{"__symbolic":"reference","name":"ɵi"},"decorators":[{"__symbolic":"call","expression":{"__symbolic":"reference","module":"@angular/core","name":"Component","line":11,"character":1},"arguments":[{"selector":"dynamic-form-text-mask","template":"<ng-container class=\"dynamic-field\">\n  <mat-form-field class=\"form-input\" [formGroup]=\"group\">\n\n    <input matInput [type]=\"config.type === 'phone' ? 'tel' : 'text'\"     \n      [id]=\"id\"\n      [name]=\"id\" \n      [placeholder]=\"config.label\" \n      [formControlName]=\"config.name\" \n      [required]=\"config.options.validation.required || requiredIf()\" \n      [pattern]=\"pattern()\"\n      [minlength]=\"config.options.validation.minLength\" \n      [maxlength]=\"config.options.validation.maxLength\" \n      mask=\"{{inputMask()}}\">\n\n    <mat-hint>{{hint()}}</mat-hint>\n    <mat-error *ngIf=\"group.get(config.name).hasError('required')\">\n      {{ config.label }} is required.\n    </mat-error>\n\n    <mat-error *ngIf=\"group.get(config.name).hasError('minlength')\">\n      {{ config.label }} must have length of at least {{config.options.validation.minLength}}.\n    </mat-error>\n    <mat-error *ngIf=\"group.get(config.name).hasError('maxlength')\">\n      {{ config.label }} must have length of no more than {{config.options.validation.maxLength}}.\n    </mat-error>\n\n  </mat-form-field>\n  <mat-error *ngIf=\"group.get(config.name).hasError('pattern')\" [innerHtml]=\"patternValidationMessage()\" class=\"mimic-mat-error\">\n  </mat-error>\n</ng-container>\n","styles":[""]}]}],"members":{"hint":[{"__symbolic":"method"}],"inputMask":[{"__symbolic":"method"}],"pattern":[{"__symbolic":"method"}],"patternValidationMessage":[{"__symbolic":"method"}],"dropSpecialCharacters":[{"__symbolic":"method"}]}},"ɵbd":{"__symbolic":"class","extends":{"__symbolic":"reference","name":"ɵi"},"decorators":[{"__symbolic":"call","expression":{"__symbolic":"reference","module":"@angular/core","name":"Component","line":5,"character":1},"arguments":[{"selector":"dynamic-form-time","template":"<ng-container class=\"dynamic-field\">\n  <mat-form-field class=\"form-input\" [formGroup]=\"group\">\n\n    <input matInput \n      type=\"text\"    \n      [id]=\"id\"\n      [name]=\"id\" \n      [placeholder]=\"config.label\" \n      [formControlName]=\"config.name\" \n      [required]=\"config.options.validation.required || requiredIf()\" \n      [pattern]=\"pattern()\"\n      [minlength]=\"config.options.validation.minLength\" \n      [maxlength]=\"config.options.validation.maxLength\" \n      mask=\"{{inputMask()}}\"\n      dropSpecialCharacters=\"false\">\n\n    <mat-hint>{{hint()}}</mat-hint>\n    <mat-error *ngIf=\"group.get(config.name).hasError('required')\">\n      {{ config.label }} is required.\n    </mat-error>\n\n    <mat-error *ngIf=\"group.get(config.name).hasError('minlength')\">\n      {{ config.label }} must have length of at least {{config.options.validation.minLength}}.\n    </mat-error>\n    <mat-error *ngIf=\"group.get(config.name).hasError('maxlength')\">\n      {{ config.label }} must have length of no more than {{config.options.validation.maxLength}}.\n    </mat-error>\n\n  </mat-form-field>\n  <mat-error *ngIf=\"group.get(config.name).hasError('pattern')\" [innerHtml]=\"patternValidationMessage()\" class=\"mimic-mat-error\">\n  </mat-error>\n</ng-container>\n","styles":[""]}]}],"members":{"hint":[{"__symbolic":"method"}],"inputMask":[{"__symbolic":"method"}],"pattern":[{"__symbolic":"method"}],"patternValidationMessage":[{"__symbolic":"method"}]}},"ɵbe":{"__symbolic":"class","extends":{"__symbolic":"reference","name":"ɵi"},"decorators":[{"__symbolic":"call","expression":{"__symbolic":"reference","module":"@angular/core","name":"Component","line":4,"character":1},"arguments":[{"selector":"dynamic-form-expansion-panel","template":"<mat-expansion-panel class=\"dynamic-group\">\n  <mat-expansion-panel-header>\n    <mat-panel-title>\n      {{config.label}}\n    </mat-panel-title>\n    <mat-panel-description>\n      {{config.options.hint}}\n    </mat-panel-description>\n  </mat-expansion-panel-header>\n  <div\n    *ngFor=\"let field of config.options.fields;\"\n    dynamicField\n    [config]=\"field\"\n    [group]=\"group.get(config.name)\"\n  >\n  </div>\n</mat-expansion-panel>\n","styles":[""]}]}],"members":{}},"ɵbf":{"__symbolic":"class","decorators":[{"__symbolic":"call","expression":{"__symbolic":"reference","module":"@angular/core","name":"Component","line":14,"character":1},"arguments":[{"selector":"dynamic-page-editor","template":"<ng-container\n  [formGroup]=\"group\"\n  class=\"dynamic-group\"\n>\n  <ng-container>\n    <mat-toolbar>\n      <button\n        mat-button\n        mat-icon-button\n        type=\"button\"\n        (click)=\"add()\"\n        mat-tooltip=\"Add element\"\n      >\n        <mat-icon aria-hidden=\"true\">add circle</mat-icon>\n      </button>\n\n      <button\n        mat-button\n        mat-icon-button\n        type=\"button\"\n        (click)=\"viewSource()\"\n        [disabled]=\"!config.options.fields\"\n        mat-tooltip=\"View source\"\n      >\n        <mat-icon aria-hidden=\"true\">code</mat-icon>\n      </button>\n\n      <button\n        mat-button\n        mat-icon-button\n        type=\"button\"\n        (click)=\"preview()\"\n        [disabled]=\"!config.options.fields || config.options.fields.length === 0\"\n        mat-tooltip=\"Preview\"\n      >\n        <mat-icon aria-hidden=\"true\">launch</mat-icon>\n      </button>\n    </mat-toolbar>\n  </ng-container>\n  <ng-container\n    [formArrayName]=\"config.name\"\n  >\n    <mat-expansion-panel\n      *ngFor=\"let subgroup of group.get(config.name)['controls']; let i = index;\"\n    >\n      <mat-expansion-panel-header>\n        <mat-panel-description>{{getElementLabel(config.options.fields[i], subgroup)}}</mat-panel-description>\n        {{getElementHeading(config.options.fields[i])}}\n        <span class=\"fill-space\"></span>\n        <button\n          mat-button\n          mat-icon-button\n          type=\"button\"\n          (click)=\"moveElement(i, 'up')\"\n          [disabled]=\"i === 0\"\n          mat-tooltip=\"Move element up\"\n        >\n          <mat-icon aria-hidden=\"true\">arrow_upward</mat-icon>\n        </button>\n\n        <button\n          mat-button\n          mat-icon-button\n          type=\"button\"\n          (click)=\"moveElement(i,'down')\"\n          [disabled]=\"i === config.options.fields.length-1\"\n          mat-tooltip=\"Move element down\"\n        >\n          <mat-icon aria-hidden=\"true\">arrow_downward</mat-icon>\n        </button>\n\n        <button\n          mat-button\n          mat-icon-button\n          type=\"button\"\n          color=\"accent\"\n          (click)=\"remove(i)\"\n          mat-tooltip=\"Remove element\"\n        >\n          <mat-icon aria-hidden=\"true\">delete_forever</mat-icon>\n        </button>\n      </mat-expansion-panel-header>\n      <div\n        *ngFor=\"let field of config.options.fields[i];\"\n        dynamicField\n        [config]=\"field\"\n        [group]=\"subgroup\"\n      >\n      </div>\n    </mat-expansion-panel>\n  </ng-container>\n</ng-container>\n","styles":[".fill-space{flex:1 1 auto}"]}]}],"members":{"__ctor__":[{"__symbolic":"constructor","parameters":[{"__symbolic":"reference","module":"@angular/material","name":"MatDialog","line":58,"character":29}]}],"ngOnInit":[{"__symbolic":"method"}],"add":[{"__symbolic":"method"}],"viewSource":[{"__symbolic":"method"}],"onElementChange":[{"__symbolic":"method"}],"moveElement":[{"__symbolic":"method"}],"remove":[{"__symbolic":"method"}],"preview":[{"__symbolic":"method"}],"getElementHeading":[{"__symbolic":"method"}],"getElementLabel":[{"__symbolic":"method"}]}}},"origins":{"CoreModule":"./core/core.module","ElementConfig":"./element-config/element-config","MaterialModule":"./material/material.module","DynamicDataModule":"./dynamic-form/dynamic-data.module","DynamicFormBuilder":"./dynamic-form/dynamic-form-builder","SharedModule":"./shared/shared.module","ɵa":"./element-config/config/type-select","ɵb":"./element-config/element-type","ɵc":"./dynamic-form/directives/dynamic-field/dynamic-field.directive","ɵd":"./dynamic-form/components/action-toolbar/action-toolbar.component","ɵe":"./dynamic-form/components/dynamic-form/dynamic-form.component","ɵf":"./dynamic-form/components/dynamic-modal-dialog/dynamic-modal-dialog.component","ɵg":"./dynamic-form/interfaces/dialog-config","ɵh":"./dynamic-form/components/form-address/form-address.component","ɵi":"./dynamic-form/components/dynamic-base-component","ɵj":"./dynamic-form/components/form-array/form-array.component","ɵk":"./dynamic-form/components/form-button/form-button.component","ɵl":"./dynamic-form/components/form-checkbox/form-checkbox.component","ɵm":"./dynamic-form/components/form-checkbox-group/form-checkbox-group.component","ɵn":"./dynamic-form/components/form-date/form-date.component","ɵo":"./dynamic-form/components/form-email/form-email.component","ɵp":"./dynamic-form/components/form-fieldset/form-fieldset.component","ɵq":"./dynamic-form/components/form-heading/form-heading.component","ɵr":"./dynamic-form/components/form-number/form-number.component","ɵs":"./dynamic-form/components/form-password/form-password.component","ɵt":"./dynamic-form/components/form-radio/form-radio.component","ɵu":"./dynamic-form/components/form-select/form-select.component","ɵv":"./dynamic-form/components/form-slider/form-slider.component","ɵw":"./dynamic-form/components/form-slide-toggle/form-slide-toggle.component","ɵx":"./dynamic-form/components/form-states/form-states.component","ɵy":"./dynamic-form/components/form-static/form-static.component","ɵz":"./dynamic-form/components/form-static-panel/form-static-panel.component","ɵba":"./dynamic-form/components/form-text/form-text.component","ɵbb":"./dynamic-form/components/form-textarea/form-textarea.component","ɵbc":"./dynamic-form/components/form-text-mask/form-text-mask.component","ɵbd":"./dynamic-form/components/form-time/form-time.component","ɵbe":"./dynamic-form/components/form-expansion-panel/form-expansion-panel.component","ɵbf":"./dynamic-form/components/layout-editor/layout-editor.component"},"importAs":"dynamic-data"}