{
  "extends": [
    "tslint:latest",
    "tslint-config-prettier"
  ],
  "linterOptions": {
    "exclude": [
      "*.spec.*",
      "lib/*.js"
    ]
  },
  "rulesDirectory": [
    "node_modules/codelyzer"
  ],
  "rules": {
    "callable-types": true,
    "class-name": true,
    "comment-format": [
      true,
      "check-space"
    ],
    "curly": true,
    "forin": true,
    "import-blacklist": [true],
    "interface-name": [true, "never-prefix"],
    "interface-over-type-literal": true,
    "jsdoc-format": false,
    "label-position": true,
    "member-access": false,
    "member-ordering": [
      true,
      "static-before-instance",
      "variables-before-functions"
    ],
    "no-arg": true,
    "no-bitwise": true,
    "no-console": [
      true,
      "debug",
      "info",
      "time",
      "timeEnd",
      "trace"
    ],
    "no-construct": true,
    "no-debugger": true,
    "no-duplicate-variable": true,
    "no-empty": false,
    "no-empty-interface": true,
    "no-eval": true,
    "no-implicit-dependencies": [true, "dev"],
    "no-inferrable-types": [true, "ignore-params"],
    "no-shadowed-variable": true,
    "no-string-literal": false,
    "no-string-throw": true,
    "no-submodule-imports": [true,
      "@angular/cdk",
      "@angular/common",
      "@angular/core",
      "@angular/material",
      "@angular/platform-browser",
      "@angular/platform-browser-dynamic",
      "core-js",
      "rxjs",
      "uuid",
      "zone.js"
    ],
    "no-switch-case-fall-through": true,
    "no-this-assignment": [true, { "allowed-names": ["^self$"] }],
    "no-unused-expression": true,
    "no-use-before-declare": true,
    "no-var-keyword": true,
    "object-literal-sort-keys": false,
    "prefer-const": true,
    "radix": true,
    "triple-equals": [
      true,
      "allow-null-check"
    ],
    "unified-signatures": true,
    "variable-name": false,
    "directive-selector": [true, "attribute", "dynamic", "camelCase"],
    "component-selector": [true, "element", "dynamic", "kebab-case"],
    "use-input-property-decorator": true,
    "use-output-property-decorator": true,
    "use-host-property-decorator": true,
    "no-input-rename": true,
    "no-output-rename": true,
    "use-life-cycle-interface": true,
    "use-pipe-transform-interface": true,
    "component-class-suffix": true,
    "directive-class-suffix": true
  }
}
